json,best_CE_T1,best_CE_Tstar,delta
/home/prithwijit/Vit/attention/segment-anything/out_prompts_strict_bird/calib/000_uniform_pairs20.json,0.0064138490706682205,0.005828159395605326,0.0005856896750628948
/home/prithwijit/Vit/attention/segment-anything/out_prompts_strict_bird/calib/001_boundary_band_pairs20.json,0.007490101270377636,0.007161675952374935,0.0003284253180027008
/home/prithwijit/Vit/attention/segment-anything/out_prompts_strict_bird/calib/002_spread_poisson_pairs20.json,0.00578883895650506,0.005101940128952265,0.0006868988275527954
/home/prithwijit/Vit/attention/segment-anything/out_prompts_strict_bird/calib/003_near_both_pairs20.json,0.008329981006681919,0.008309605531394482,2.037547528743744e-05
/home/prithwijit/Vit/attention/segment-anything/out_prompts_strict_bird/calib/004_deep_pos_near_neg_pairs20.json,0.0054705082438886166,0.0044258153066039085,0.001044692937284708
/home/prithwijit/Vit/attention/segment-anything/out_prompts_strict_bird/calib/005_grid_like_pairs20.json,0.006008898839354515,0.005160847678780556,0.0008480511605739594
/home/prithwijit/Vit/attention/segment-anything/out_prompts_strict_bird/calib/006_cluster_pos_pairs20.json,0.010896047577261925,0.008455370552837849,0.002440677024424076
/home/prithwijit/Vit/attention/segment-anything/out_prompts_strict_bird/calib/007_cluster_neg_pairs20.json,0.006895717233419418,0.005925629287958145,0.0009700879454612732
/home/prithwijit/Vit/attention/segment-anything/out_prompts_strict_bird/calib/008_edge_heavy_neg_pairs20.json,0.008506303653120995,0.007110600359737873,0.0013957032933831215
/home/prithwijit/Vit/attention/segment-anything/out_prompts_strict_bird/calib/009_uniform_pairs20.json,0.0061523886397480965,0.005743236746639013,0.0004091518931090832
/home/prithwijit/Vit/attention/segment-anything/out_prompts_strict_bird/calib/010_boundary_band_pairs20.json,0.0055151586420834064,0.005247579887509346,0.00026757875457406044
/home/prithwijit/Vit/attention/segment-anything/out_prompts_strict_bird/calib/011_spread_poisson_pairs20.json,0.00560781778767705,0.0053670452907681465,0.00024077249690890312
/home/prithwijit/Vit/attention/segment-anything/out_prompts_strict_bird/calib/012_near_both_pairs20.json,0.0095911156386137,0.008946523070335388,0.0006445925682783127
/home/prithwijit/Vit/attention/segment-anything/out_prompts_strict_bird/calib/013_deep_pos_near_neg_pairs20.json,0.005612106528133154,0.004735355731099844,0.0008767507970333099
/home/prithwijit/Vit/attention/segment-anything/out_prompts_strict_bird/calib/014_grid_like_pairs20.json,0.0070946537889540195,0.006147640757262707,0.0009470130316913128
/home/prithwijit/Vit/attention/segment-anything/out_prompts_strict_bird/calib/015_cluster_pos_pairs20.json,0.015861446037888527,0.014698238112032413,0.0011632079258561134
/home/prithwijit/Vit/attention/segment-anything/out_prompts_strict_bird/calib/016_cluster_neg_pairs20.json,0.005354844965040684,0.004935313481837511,0.0004195314832031727
/home/prithwijit/Vit/attention/segment-anything/out_prompts_strict_bird/calib/017_edge_heavy_neg_pairs20.json,0.006841486785560846,0.006369979120790958,0.0004715076647698879
/home/prithwijit/Vit/attention/segment-anything/out_prompts_strict_bird/calib/018_uniform_pairs20.json,0.006610329262912273,0.006156393326818943,0.0004539359360933304
/home/prithwijit/Vit/attention/segment-anything/out_prompts_strict_bird/calib/019_boundary_band_pairs20.json,0.005477855913341045,0.005057749804109335,0.00042010610923171043
/home/prithwijit/Vit/attention/segment-anything/out_prompts_strict_bird/calib/020_spread_poisson_pairs20.json,0.006989083252847195,0.0062847500666975975,0.0007043331861495972
/home/prithwijit/Vit/attention/segment-anything/out_prompts_strict_bird/calib/021_near_both_pairs20.json,0.007076316047459841,0.006588752847164869,0.00048756320029497147
/home/prithwijit/Vit/attention/segment-anything/out_prompts_strict_bird/calib/022_deep_pos_near_neg_pairs20.json,0.0054529886692762375,0.00478194048628211,0.0006710481829941273
/home/prithwijit/Vit/attention/segment-anything/out_prompts_strict_bird/calib/023_grid_like_pairs20.json,0.007052158005535603,0.005759375635534525,0.0012927823700010777
/home/prithwijit/Vit/attention/segment-anything/out_prompts_strict_bird/calib/024_cluster_pos_pairs20.json,0.01516567450016737,0.012836074456572533,0.002329600043594837
/home/prithwijit/Vit/attention/segment-anything/out_prompts_strict_bird/calib/025_cluster_neg_pairs20.json,0.00564862135797739,0.005582770332694054,6.585102528333664e-05
/home/prithwijit/Vit/attention/segment-anything/out_prompts_strict_bird/calib/026_edge_heavy_neg_pairs20.json,0.0054067461751401424,0.004963620100170374,0.0004431260749697685
/home/prithwijit/Vit/attention/segment-anything/out_prompts_strict_bird/calib/027_uniform_pairs20.json,0.00920954905450344,0.009183425456285477,2.6123598217964172e-05
/home/prithwijit/Vit/attention/segment-anything/out_prompts_strict_bird/calib/028_boundary_band_pairs20.json,0.006785678677260876,0.006576571147888899,0.00020910752937197685
/home/prithwijit/Vit/attention/segment-anything/out_prompts_strict_bird/calib/029_spread_poisson_pairs20.json,0.005973546300083399,0.005431735888123512,0.0005418104119598866
/home/prithwijit/Vit/attention/segment-anything/out_prompts_strict_bird/calib/030_near_both_pairs20.json,0.005882525350898504,0.004859204404056072,0.001023320946842432
/home/prithwijit/Vit/attention/segment-anything/out_prompts_strict_bird/calib/031_deep_pos_near_neg_pairs20.json,0.005774434190243483,0.004893862642347813,0.0008805715478956699
/home/prithwijit/Vit/attention/segment-anything/out_prompts_strict_bird/calib/032_grid_like_pairs20.json,0.006075988989323378,0.005404296796768904,0.0006716921925544739
/home/prithwijit/Vit/attention/segment-anything/out_prompts_strict_bird/calib/033_cluster_pos_pairs20.json,0.009319689124822617,0.007611218839883804,0.0017084702849388123
/home/prithwijit/Vit/attention/segment-anything/out_prompts_strict_bird/calib/034_cluster_neg_pairs20.json,0.005198120139539242,0.004704517778009176,0.0004936023615300655
/home/prithwijit/Vit/attention/segment-anything/out_prompts_strict_bird/calib/035_edge_heavy_neg_pairs20.json,0.005228242836892605,0.004793949890881777,0.000434292946010828
/home/prithwijit/Vit/attention/segment-anything/out_prompts_strict_bird/calib/036_uniform_pairs20.json,0.0072746253572404385,0.006652753334492445,0.0006218720227479935
/home/prithwijit/Vit/attention/segment-anything/out_prompts_strict_bird/calib/037_boundary_band_pairs20.json,0.005404781550168991,0.004962491802871227,0.0004422897472977638
/home/prithwijit/Vit/attention/segment-anything/out_prompts_strict_bird/calib/038_spread_poisson_pairs20.json,0.006400316953659058,0.005652751307934523,0.000747565645724535
/home/prithwijit/Vit/attention/segment-anything/out_prompts_strict_bird/calib/039_near_both_pairs20.json,0.006679164711385965,0.005912961438298225,0.0007662032730877399
/home/prithwijit/Vit/attention/segment-anything/out_prompts_strict_bird/calib/040_deep_pos_near_neg_pairs20.json,0.006300192791968584,0.0056392173282802105,0.0006609754636883736
/home/prithwijit/Vit/attention/segment-anything/out_prompts_strict_bird/calib/041_grid_like_pairs20.json,0.009940607473254204,0.008478269912302494,0.0014623375609517097
/home/prithwijit/Vit/attention/segment-anything/out_prompts_strict_bird/calib/042_cluster_pos_pairs20.json,0.03785315155982971,0.03259274736046791,0.005260404199361801
/home/prithwijit/Vit/attention/segment-anything/out_prompts_strict_bird/calib/043_cluster_neg_pairs20.json,0.005105996038764715,0.004765691235661507,0.00034030480310320854
/home/prithwijit/Vit/attention/segment-anything/out_prompts_strict_bird/calib/044_edge_heavy_neg_pairs20.json,0.005744411610066891,0.00513877347111702,0.0006056381389498711
/home/prithwijit/Vit/attention/segment-anything/out_prompts_strict_bird/calib/045_uniform_pairs20.json,0.005296771414577961,0.004431296139955521,0.0008654752746224403
/home/prithwijit/Vit/attention/segment-anything/out_prompts_strict_bird/calib/046_boundary_band_pairs20.json,0.00571872154250741,0.005141225643455982,0.0005774958990514278
/home/prithwijit/Vit/attention/segment-anything/out_prompts_strict_bird/calib/047_spread_poisson_pairs20.json,0.006442593410611153,0.005625362507998943,0.0008172309026122093
/home/prithwijit/Vit/attention/segment-anything/out_prompts_strict_bird/calib/048_near_both_pairs20.json,0.006349694915115833,0.005724797025322914,0.0006248978897929192
/home/prithwijit/Vit/attention/segment-anything/out_prompts_strict_bird/calib/049_deep_pos_near_neg_pairs20.json,0.005839073099195957,0.005154696758836508,0.0006843763403594494
/home/prithwijit/Vit/attention/segment-anything/out_prompts_strict_bird/calib/050_grid_like_pairs20.json,0.0063035450875759125,0.005169579293578863,0.0011339657939970493
/home/prithwijit/Vit/attention/segment-anything/out_prompts_strict_bird/calib/051_cluster_pos_pairs20.json,0.021587923169136047,0.018744993954896927,0.0028429292142391205
/home/prithwijit/Vit/attention/segment-anything/out_prompts_strict_bird/calib/052_cluster_neg_pairs20.json,0.006343901623040438,0.005581859964877367,0.0007620416581630707
/home/prithwijit/Vit/attention/segment-anything/out_prompts_strict_bird/calib/053_edge_heavy_neg_pairs20.json,0.005762259475886822,0.005121082533150911,0.0006411769427359104
/home/prithwijit/Vit/attention/segment-anything/out_prompts_strict_bird/calib/054_uniform_pairs20.json,0.010006866417825222,0.009280772879719734,0.0007260935381054878
/home/prithwijit/Vit/attention/segment-anything/out_prompts_strict_bird/calib/055_boundary_band_pairs20.json,0.006667339708656073,0.0061578149907290936,0.0005095247179269791
/home/prithwijit/Vit/attention/segment-anything/out_prompts_strict_bird/calib/056_spread_poisson_pairs20.json,0.0058900294825434685,0.004948033019900322,0.0009419964626431465
/home/prithwijit/Vit/attention/segment-anything/out_prompts_strict_bird/calib/057_near_both_pairs20.json,0.0064558605663478374,0.005732797551900148,0.0007230630144476891
/home/prithwijit/Vit/attention/segment-anything/out_prompts_strict_bird/calib/058_deep_pos_near_neg_pairs20.json,0.005365703720599413,0.004934410098940134,0.00043129362165927887
/home/prithwijit/Vit/attention/segment-anything/out_prompts_strict_bird/calib/059_grid_like_pairs20.json,0.00801999680697918,0.006762894801795483,0.0012571020051836967
/home/prithwijit/Vit/attention/segment-anything/out_prompts_strict_bird/calib/060_cluster_pos_pairs20.json,0.012907191179692745,0.011737525463104248,0.0011696657165884972
/home/prithwijit/Vit/attention/segment-anything/out_prompts_strict_bird/calib/061_cluster_neg_pairs20.json,0.0073924316093325615,0.006259274668991566,0.0011331569403409958
/home/prithwijit/Vit/attention/segment-anything/out_prompts_strict_bird/calib/062_edge_heavy_neg_pairs20.json,0.00878731720149517,0.008034379221498966,0.0007529379799962044
/home/prithwijit/Vit/attention/segment-anything/out_prompts_strict_bird/calib/063_uniform_pairs20.json,0.006655524950474501,0.005904970690608025,0.0007505542598664761
/home/prithwijit/Vit/attention/segment-anything/out_prompts_strict_bird/calib/064_boundary_band_pairs20.json,0.0060783978551626205,0.0056747933849692345,0.0004036044701933861
/home/prithwijit/Vit/attention/segment-anything/out_prompts_strict_bird/calib/065_spread_poisson_pairs20.json,0.00843885913491249,0.007753100711852312,0.0006857584230601788
/home/prithwijit/Vit/attention/segment-anything/out_prompts_strict_bird/calib/066_near_both_pairs20.json,0.007206261157989502,0.005640609655529261,0.0015656515024602413
/home/prithwijit/Vit/attention/segment-anything/out_prompts_strict_bird/calib/067_deep_pos_near_neg_pairs20.json,0.007316589821130037,0.0068159280344843864,0.0005006617866456509
/home/prithwijit/Vit/attention/segment-anything/out_prompts_strict_bird/calib/068_grid_like_pairs20.json,0.006209368817508221,0.005480807740241289,0.0007285610772669315
/home/prithwijit/Vit/attention/segment-anything/out_prompts_strict_bird/calib/069_cluster_pos_pairs20.json,0.00908244401216507,0.006958687212318182,0.0021237567998468876
/home/prithwijit/Vit/attention/segment-anything/out_prompts_strict_bird/calib/070_cluster_neg_pairs20.json,0.00725449388846755,0.0072589172050356865,-4.423316568136215e-06
/home/prithwijit/Vit/attention/segment-anything/out_prompts_strict_bird/calib/071_edge_heavy_neg_pairs20.json,0.006130331661552191,0.005937936250120401,0.0001923954114317894
/home/prithwijit/Vit/attention/segment-anything/out_prompts_strict_bird/calib/072_uniform_pairs20.json,0.005482531618326902,0.00511389784514904,0.00036863377317786217
/home/prithwijit/Vit/attention/segment-anything/out_prompts_strict_bird/calib/073_boundary_band_pairs20.json,0.009253237396478653,0.00873064249753952,0.0005225948989391327
/home/prithwijit/Vit/attention/segment-anything/out_prompts_strict_bird/calib/074_spread_poisson_pairs20.json,0.005573009606450796,0.004993536043912172,0.0005794735625386238
/home/prithwijit/Vit/attention/segment-anything/out_prompts_strict_bird/calib/075_near_both_pairs20.json,0.006676122546195984,0.005531654227524996,0.001144468318670988
/home/prithwijit/Vit/attention/segment-anything/out_prompts_strict_bird/calib/076_deep_pos_near_neg_pairs20.json,0.00537572568282485,0.004487473051995039,0.0008882526308298111
/home/prithwijit/Vit/attention/segment-anything/out_prompts_strict_bird/calib/077_grid_like_pairs20.json,0.006233604159206152,0.005767183378338814,0.0004664207808673382
/home/prithwijit/Vit/attention/segment-anything/out_prompts_strict_bird/calib/078_cluster_pos_pairs20.json,0.019004186615347862,0.01488318108022213,0.004121005535125732
/home/prithwijit/Vit/attention/segment-anything/out_prompts_strict_bird/calib/079_cluster_neg_pairs20.json,0.005829156376421452,0.004572918172925711,0.0012562382034957409
/home/prithwijit/Vit/attention/segment-anything/out_prompts_strict_bird/calib/080_edge_heavy_neg_pairs20.json,0.008961457759141922,0.008676606230437756,0.0002848515287041664
/home/prithwijit/Vit/attention/segment-anything/out_prompts_strict_bird/calib/081_uniform_pairs20.json,0.006090559531003237,0.005656644236296415,0.00043391529470682144
/home/prithwijit/Vit/attention/segment-anything/out_prompts_strict_bird/calib/082_boundary_band_pairs20.json,0.005213058087974787,0.004732872359454632,0.00048018572852015495
/home/prithwijit/Vit/attention/segment-anything/out_prompts_strict_bird/calib/083_spread_poisson_pairs20.json,0.006032327190041542,0.0054990630596876144,0.0005332641303539276
/home/prithwijit/Vit/attention/segment-anything/out_prompts_strict_bird/calib/084_near_both_pairs20.json,0.006755410693585873,0.0054012080654501915,0.0013542026281356812
/home/prithwijit/Vit/attention/segment-anything/out_prompts_strict_bird/calib/085_deep_pos_near_neg_pairs20.json,0.00542863504961133,0.004631989169865847,0.0007966458797454834
/home/prithwijit/Vit/attention/segment-anything/out_prompts_strict_bird/calib/086_grid_like_pairs20.json,0.009012782946228981,0.0076954541727900505,0.0013173287734389305
/home/prithwijit/Vit/attention/segment-anything/out_prompts_strict_bird/calib/087_cluster_pos_pairs20.json,0.01059748511761427,0.007808460853993893,0.0027890242636203766
/home/prithwijit/Vit/attention/segment-anything/out_prompts_strict_bird/calib/088_cluster_neg_pairs20.json,0.005543710198253393,0.005127742886543274,0.00041596731171011925
/home/prithwijit/Vit/attention/segment-anything/out_prompts_strict_bird/calib/089_edge_heavy_neg_pairs20.json,0.005409643519669771,0.004806323442608118,0.0006033200770616531
/home/prithwijit/Vit/attention/segment-anything/out_prompts_strict_bird/calib/090_uniform_pairs20.json,0.006787477061152458,0.006335888989269733,0.00045158807188272476
/home/prithwijit/Vit/attention/segment-anything/out_prompts_strict_bird/calib/091_boundary_band_pairs20.json,0.006329257041215897,0.006024397909641266,0.00030485913157463074
/home/prithwijit/Vit/attention/segment-anything/out_prompts_strict_bird/calib/092_spread_poisson_pairs20.json,0.005905913654714823,0.005401377100497484,0.0005045365542173386
/home/prithwijit/Vit/attention/segment-anything/out_prompts_strict_bird/calib/093_near_both_pairs20.json,0.0078111207112669945,0.006572564598172903,0.0012385561130940914
/home/prithwijit/Vit/attention/segment-anything/out_prompts_strict_bird/calib/094_deep_pos_near_neg_pairs20.json,0.005635571200400591,0.004747234284877777,0.0008883369155228138
/home/prithwijit/Vit/attention/segment-anything/out_prompts_strict_bird/calib/095_grid_like_pairs20.json,0.005614718422293663,0.004727119114249945,0.0008875993080437183
/home/prithwijit/Vit/attention/segment-anything/out_prompts_strict_bird/calib/096_cluster_pos_pairs20.json,0.009685218334197998,0.008073079399764538,0.0016121389344334602
/home/prithwijit/Vit/attention/segment-anything/out_prompts_strict_bird/calib/097_cluster_neg_pairs20.json,0.008566981181502342,0.0075951674953103065,0.0009718136861920357
/home/prithwijit/Vit/attention/segment-anything/out_prompts_strict_bird/calib/098_edge_heavy_neg_pairs20.json,0.005350459832698107,0.004908376839011908,0.0004420829936861992
/home/prithwijit/Vit/attention/segment-anything/out_prompts_strict_bird/calib/099_uniform_pairs20.json,0.0057261036708951,0.005510828923434019,0.00021527474746108055
/home/prithwijit/Vit/attention/segment-anything/out_prompts_strict_bird/calib/100_boundary_band_pairs20.json,0.006367606110870838,0.005837275180965662,0.0005303309299051762
/home/prithwijit/Vit/attention/segment-anything/out_prompts_strict_bird/calib/101_spread_poisson_pairs20.json,0.006096810568124056,0.005319735500961542,0.0007770750671625137
/home/prithwijit/Vit/attention/segment-anything/out_prompts_strict_bird/calib/102_near_both_pairs20.json,0.006537492386996746,0.0054138097912073135,0.0011236825957894325
/home/prithwijit/Vit/attention/segment-anything/out_prompts_strict_bird/calib/103_deep_pos_near_neg_pairs20.json,0.005567419342696667,0.005049992818385363,0.0005174265243113041
/home/prithwijit/Vit/attention/segment-anything/out_prompts_strict_bird/calib/104_grid_like_pairs20.json,0.01629646122455597,0.013581453822553158,0.0027150074020028114
/home/prithwijit/Vit/attention/segment-anything/out_prompts_strict_bird/calib/105_cluster_pos_pairs20.json,0.0375467985868454,0.03878885135054588,-0.0012420527637004852
/home/prithwijit/Vit/attention/segment-anything/out_prompts_strict_bird/calib/106_cluster_neg_pairs20.json,0.005977268796414137,0.00557680381461978,0.0004004649817943573
/home/prithwijit/Vit/attention/segment-anything/out_prompts_strict_bird/calib/107_edge_heavy_neg_pairs20.json,0.005948934238404036,0.005372062791138887,0.0005768714472651482
/home/prithwijit/Vit/attention/segment-anything/out_prompts_strict_bird/calib/108_uniform_pairs20.json,0.00642877072095871,0.005144970957189798,0.0012837997637689114
/home/prithwijit/Vit/attention/segment-anything/out_prompts_strict_bird/calib/109_boundary_band_pairs20.json,0.006161106750369072,0.005738783162087202,0.0004223235882818699
/home/prithwijit/Vit/attention/segment-anything/out_prompts_strict_bird/calib/110_spread_poisson_pairs20.json,0.00571045745164156,0.004954861011356115,0.0007555964402854443
/home/prithwijit/Vit/attention/segment-anything/out_prompts_strict_bird/calib/111_near_both_pairs20.json,0.0068776109255850315,0.006537130568176508,0.00034048035740852356
/home/prithwijit/Vit/attention/segment-anything/out_prompts_strict_bird/calib/112_deep_pos_near_neg_pairs20.json,0.00542741734534502,0.004552260506898165,0.0008751568384468555
/home/prithwijit/Vit/attention/segment-anything/out_prompts_strict_bird/calib/113_grid_like_pairs20.json,0.008126839995384216,0.007587044965475798,0.0005397950299084187
/home/prithwijit/Vit/attention/segment-anything/out_prompts_strict_bird/calib/114_cluster_pos_pairs20.json,0.028815820813179016,0.024112241342663765,0.004703579470515251
/home/prithwijit/Vit/attention/segment-anything/out_prompts_strict_bird/calib/115_cluster_neg_pairs20.json,0.009618044830858707,0.006725371815264225,0.0028926730155944824
/home/prithwijit/Vit/attention/segment-anything/out_prompts_strict_bird/calib/116_edge_heavy_neg_pairs20.json,0.006672728806734085,0.0062977164052426815,0.0003750124014914036
/home/prithwijit/Vit/attention/segment-anything/out_prompts_strict_bird/calib/117_uniform_pairs20.json,0.0067638517357409,0.005333536304533482,0.0014303154312074184
/home/prithwijit/Vit/attention/segment-anything/out_prompts_strict_bird/calib/118_boundary_band_pairs20.json,0.0057668439112603664,0.005259995814412832,0.0005068480968475342
/home/prithwijit/Vit/attention/segment-anything/out_prompts_strict_bird/calib/119_spread_poisson_pairs20.json,0.005792267620563507,0.005206813104450703,0.0005854545161128044
/home/prithwijit/Vit/attention/segment-anything/out_prompts_strict_bird/calib/120_near_both_pairs20.json,0.006087315734475851,0.005295069422572851,0.0007922463119029999
/home/prithwijit/Vit/attention/segment-anything/out_prompts_strict_bird/calib/121_deep_pos_near_neg_pairs20.json,0.005168774165213108,0.004545183386653662,0.0006235907785594463
/home/prithwijit/Vit/attention/segment-anything/out_prompts_strict_bird/calib/122_grid_like_pairs20.json,0.005398240406066179,0.004831070080399513,0.000567170325666666
/home/prithwijit/Vit/attention/segment-anything/out_prompts_strict_bird/calib/123_cluster_pos_pairs20.json,0.009526611305773258,0.006892882287502289,0.0026337290182709694
/home/prithwijit/Vit/attention/segment-anything/out_prompts_strict_bird/calib/124_cluster_neg_pairs20.json,0.005935400724411011,0.006088086869567633,-0.00015268614515662193
/home/prithwijit/Vit/attention/segment-anything/out_prompts_strict_bird/calib/125_edge_heavy_neg_pairs20.json,0.005906384438276291,0.005301376339048147,0.0006050080992281437
/home/prithwijit/Vit/attention/segment-anything/out_prompts_strict_bird/calib/126_uniform_pairs20.json,0.006494487635791302,0.00557397585362196,0.000920511782169342
/home/prithwijit/Vit/attention/segment-anything/out_prompts_strict_bird/calib/127_boundary_band_pairs20.json,0.008735121227800846,0.00799441896378994,0.0007407022640109062
/home/prithwijit/Vit/attention/segment-anything/out_prompts_strict_bird/calib/128_spread_poisson_pairs20.json,0.005482561886310577,0.004480119328945875,0.0010024425573647022
/home/prithwijit/Vit/attention/segment-anything/out_prompts_strict_bird/calib/129_near_both_pairs20.json,0.006848264019936323,0.005566700361669064,0.0012815636582672596
/home/prithwijit/Vit/attention/segment-anything/out_prompts_strict_bird/calib/130_deep_pos_near_neg_pairs20.json,0.005347052589058876,0.00450047105550766,0.0008465815335512161
/home/prithwijit/Vit/attention/segment-anything/out_prompts_strict_bird/calib/131_grid_like_pairs20.json,0.007177331019192934,0.00587666779756546,0.0013006632216274738
/home/prithwijit/Vit/attention/segment-anything/out_prompts_strict_bird/calib/132_cluster_pos_pairs20.json,0.011197855696082115,0.008797328919172287,0.002400526776909828
/home/prithwijit/Vit/attention/segment-anything/out_prompts_strict_bird/calib/133_cluster_neg_pairs20.json,0.012591120786964893,0.013817963190376759,-0.0012268424034118652
/home/prithwijit/Vit/attention/segment-anything/out_prompts_strict_bird/calib/134_edge_heavy_neg_pairs20.json,0.0074747344478964806,0.006607255432754755,0.0008674790151417255
/home/prithwijit/Vit/attention/segment-anything/out_prompts_strict_bird/calib/135_uniform_pairs20.json,0.00798868015408516,0.006854783743619919,0.0011338964104652405
/home/prithwijit/Vit/attention/segment-anything/out_prompts_strict_bird/calib/136_boundary_band_pairs20.json,0.006218218244612217,0.005294313188642263,0.0009239050559699535
/home/prithwijit/Vit/attention/segment-anything/out_prompts_strict_bird/calib/137_spread_poisson_pairs20.json,0.0059323301538825035,0.005081879440695047,0.0008504507131874561
/home/prithwijit/Vit/attention/segment-anything/out_prompts_strict_bird/calib/138_near_both_pairs20.json,0.006431304384022951,0.005453538615256548,0.0009777657687664032
/home/prithwijit/Vit/attention/segment-anything/out_prompts_strict_bird/calib/139_deep_pos_near_neg_pairs20.json,0.005772839300334454,0.00487959198653698,0.0008932473137974739
/home/prithwijit/Vit/attention/segment-anything/out_prompts_strict_bird/calib/140_grid_like_pairs20.json,0.006333616562187672,0.0050538890063762665,0.0012797275558114052
/home/prithwijit/Vit/attention/segment-anything/out_prompts_strict_bird/calib/141_cluster_pos_pairs20.json,0.013769268058240414,0.009822912514209747,0.003946355544030666
/home/prithwijit/Vit/attention/segment-anything/out_prompts_strict_bird/calib/142_cluster_neg_pairs20.json,0.007474037818610668,0.007739946711808443,-0.0002659088931977749
/home/prithwijit/Vit/attention/segment-anything/out_prompts_strict_bird/calib/143_edge_heavy_neg_pairs20.json,0.00634496146813035,0.006000978406518698,0.0003439830616116524
/home/prithwijit/Vit/attention/segment-anything/out_prompts_strict_bird/calib/144_uniform_pairs20.json,0.006314973812550306,0.005261152051389217,0.001053821761161089
/home/prithwijit/Vit/attention/segment-anything/out_prompts_strict_bird/calib/145_boundary_band_pairs20.json,0.005603855475783348,0.005073453299701214,0.0005304021760821342
/home/prithwijit/Vit/attention/segment-anything/out_prompts_strict_bird/calib/146_spread_poisson_pairs20.json,0.00548985879868269,0.005100087262690067,0.0003897715359926224
/home/prithwijit/Vit/attention/segment-anything/out_prompts_strict_bird/calib/147_near_both_pairs20.json,0.005804266780614853,0.004877366125583649,0.0009269006550312042
/home/prithwijit/Vit/attention/segment-anything/out_prompts_strict_bird/calib/148_deep_pos_near_neg_pairs20.json,0.0061556193977594376,0.005493135191500187,0.0006624842062592506
/home/prithwijit/Vit/attention/segment-anything/out_prompts_strict_bird/calib/149_grid_like_pairs20.json,0.009640256874263287,0.008196575567126274,0.0014436813071370125
/home/prithwijit/Vit/attention/segment-anything/out_prompts_strict_bird/calib/150_cluster_pos_pairs20.json,0.03179999440908432,0.027962811291217804,0.003837183117866516
/home/prithwijit/Vit/attention/segment-anything/out_prompts_strict_bird/calib/151_cluster_neg_pairs20.json,0.007218851707875729,0.0063546947203576565,0.0008641569875180721
/home/prithwijit/Vit/attention/segment-anything/out_prompts_strict_bird/calib/152_edge_heavy_neg_pairs20.json,0.0061317081563174725,0.004875971470028162,0.0012557366862893105
/home/prithwijit/Vit/attention/segment-anything/out_prompts_strict_bird/calib/153_uniform_pairs20.json,0.005616697948426008,0.004945739638060331,0.0006709583103656769
/home/prithwijit/Vit/attention/segment-anything/out_prompts_strict_bird/calib/154_boundary_band_pairs20.json,0.008068187162280083,0.007481093518435955,0.0005870936438441277
/home/prithwijit/Vit/attention/segment-anything/out_prompts_strict_bird/calib/155_spread_poisson_pairs20.json,0.005008496809750795,0.004426446743309498,0.0005820500664412975
/home/prithwijit/Vit/attention/segment-anything/out_prompts_strict_bird/calib/156_near_both_pairs20.json,0.0056222607381641865,0.00500973965972662,0.0006125210784375668
/home/prithwijit/Vit/attention/segment-anything/out_prompts_strict_bird/calib/157_deep_pos_near_neg_pairs20.json,0.006391719914972782,0.005648057442158461,0.0007436624728143215
/home/prithwijit/Vit/attention/segment-anything/out_prompts_strict_bird/calib/158_grid_like_pairs20.json,0.010058866813778877,0.007601651828736067,0.0024572149850428104
/home/prithwijit/Vit/attention/segment-anything/out_prompts_strict_bird/calib/159_cluster_pos_pairs20.json,0.014399787411093712,0.01127840019762516,0.0031213872134685516
/home/prithwijit/Vit/attention/segment-anything/out_prompts_strict_bird/calib/160_cluster_neg_pairs20.json,0.009270789101719856,0.009907788597047329,-0.0006369994953274727
/home/prithwijit/Vit/attention/segment-anything/out_prompts_strict_bird/calib/161_edge_heavy_neg_pairs20.json,0.006111486814916134,0.005251990631222725,0.000859496183693409
/home/prithwijit/Vit/attention/segment-anything/out_prompts_strict_bird/calib/162_uniform_pairs20.json,0.005855158902704716,0.005014593712985516,0.0008405651897192001
/home/prithwijit/Vit/attention/segment-anything/out_prompts_strict_bird/calib/163_boundary_band_pairs20.json,0.006173018831759691,0.005796368699520826,0.0003766501322388649
/home/prithwijit/Vit/attention/segment-anything/out_prompts_strict_bird/calib/164_spread_poisson_pairs20.json,0.007354884874075651,0.00679366709664464,0.0005612177774310112
/home/prithwijit/Vit/attention/segment-anything/out_prompts_strict_bird/calib/165_near_both_pairs20.json,0.008588084019720554,0.007858464494347572,0.000729619525372982
/home/prithwijit/Vit/attention/segment-anything/out_prompts_strict_bird/calib/166_deep_pos_near_neg_pairs20.json,0.006319653708487749,0.005513312295079231,0.0008063414134085178
/home/prithwijit/Vit/attention/segment-anything/out_prompts_strict_bird/calib/167_grid_like_pairs20.json,0.010481026023626328,0.008637379854917526,0.0018436461687088013
/home/prithwijit/Vit/attention/segment-anything/out_prompts_strict_bird/calib/168_cluster_pos_pairs20.json,0.008719691075384617,0.007015884388238192,0.0017038066871464252
/home/prithwijit/Vit/attention/segment-anything/out_prompts_strict_bird/calib/169_cluster_neg_pairs20.json,0.00950977485626936,0.00749173341318965,0.00201804144307971
/home/prithwijit/Vit/attention/segment-anything/out_prompts_strict_bird/calib/170_edge_heavy_neg_pairs20.json,0.006045590620487928,0.005259727593511343,0.0007858630269765854
/home/prithwijit/Vit/attention/segment-anything/out_prompts_strict_bird/calib/171_uniform_pairs20.json,0.006093592848628759,0.00530953099951148,0.000784061849117279
/home/prithwijit/Vit/attention/segment-anything/out_prompts_strict_bird/calib/172_boundary_band_pairs20.json,0.006405849475413561,0.005880347918719053,0.0005255015566945076
/home/prithwijit/Vit/attention/segment-anything/out_prompts_strict_bird/calib/173_spread_poisson_pairs20.json,0.006093279924243689,0.005847799126058817,0.0002454807981848717
/home/prithwijit/Vit/attention/segment-anything/out_prompts_strict_bird/calib/174_near_both_pairs20.json,0.0068189953453838825,0.005483440589159727,0.0013355547562241554
/home/prithwijit/Vit/attention/segment-anything/out_prompts_strict_bird/calib/175_deep_pos_near_neg_pairs20.json,0.0063503198325634,0.005098007153719664,0.0012523126788437366
/home/prithwijit/Vit/attention/segment-anything/out_prompts_strict_bird/calib/176_grid_like_pairs20.json,0.010246017016470432,0.007880913093686104,0.0023651039227843285
/home/prithwijit/Vit/attention/segment-anything/out_prompts_strict_bird/calib/177_cluster_pos_pairs20.json,0.01236382033675909,0.010292564518749714,0.0020712558180093765
/home/prithwijit/Vit/attention/segment-anything/out_prompts_strict_bird/calib/178_cluster_neg_pairs20.json,0.010993272066116333,0.011285188607871532,-0.00029191654175519943
/home/prithwijit/Vit/attention/segment-anything/out_prompts_strict_bird/calib/179_edge_heavy_neg_pairs20.json,0.004971177317202091,0.004541641566902399,0.00042953575029969215
/home/prithwijit/Vit/attention/segment-anything/out_prompts_strict_bird/calib/180_uniform_pairs20.json,0.005986267235130072,0.005436340346932411,0.0005499268881976604
/home/prithwijit/Vit/attention/segment-anything/out_prompts_strict_bird/calib/181_boundary_band_pairs20.json,0.00646703178063035,0.005793428048491478,0.0006736037321388721
/home/prithwijit/Vit/attention/segment-anything/out_prompts_strict_bird/calib/182_spread_poisson_pairs20.json,0.005689052864909172,0.004985339008271694,0.0007037138566374779
/home/prithwijit/Vit/attention/segment-anything/out_prompts_strict_bird/calib/183_near_both_pairs20.json,0.0063829380087554455,0.005823295563459396,0.0005596424452960491
/home/prithwijit/Vit/attention/segment-anything/out_prompts_strict_bird/calib/184_deep_pos_near_neg_pairs20.json,0.00560623686760664,0.004648993723094463,0.0009572431445121765
/home/prithwijit/Vit/attention/segment-anything/out_prompts_strict_bird/calib/185_grid_like_pairs20.json,0.009662704542279243,0.008270296268165112,0.001392408274114132
/home/prithwijit/Vit/attention/segment-anything/out_prompts_strict_bird/calib/186_cluster_pos_pairs20.json,0.018416346982121468,0.01434918213635683,0.004067164845764637
/home/prithwijit/Vit/attention/segment-anything/out_prompts_strict_bird/calib/187_cluster_neg_pairs20.json,0.007988535799086094,0.007647685240954161,0.0003408505581319332
/home/prithwijit/Vit/attention/segment-anything/out_prompts_strict_bird/calib/188_edge_heavy_neg_pairs20.json,0.005167166702449322,0.004910077899694443,0.000257088802754879
/home/prithwijit/Vit/attention/segment-anything/out_prompts_strict_bird/calib/189_uniform_pairs20.json,0.005752677097916603,0.005409172736108303,0.0003435043618083
/home/prithwijit/Vit/attention/segment-anything/out_prompts_strict_bird/calib/190_boundary_band_pairs20.json,0.008296802639961243,0.0076837483793497086,0.0006130542606115341
/home/prithwijit/Vit/attention/segment-anything/out_prompts_strict_bird/calib/191_spread_poisson_pairs20.json,0.005457463674247265,0.005015835165977478,0.00044162850826978683
/home/prithwijit/Vit/attention/segment-anything/out_prompts_strict_bird/calib/192_near_both_pairs20.json,0.007338788826018572,0.007042417302727699,0.0002963715232908726
/home/prithwijit/Vit/attention/segment-anything/out_prompts_strict_bird/calib/193_deep_pos_near_neg_pairs20.json,0.005500680301338434,0.004413733724504709,0.001086946576833725
/home/prithwijit/Vit/attention/segment-anything/out_prompts_strict_bird/calib/194_grid_like_pairs20.json,0.0068338424898684025,0.005845629144459963,0.0009882133454084396
/home/prithwijit/Vit/attention/segment-anything/out_prompts_strict_bird/calib/195_cluster_pos_pairs20.json,0.010443453676998615,0.00883358996361494,0.0016098637133836746
/home/prithwijit/Vit/attention/segment-anything/out_prompts_strict_bird/calib/196_cluster_neg_pairs20.json,0.005472807679325342,0.00485524907708168,0.0006175586022436619
/home/prithwijit/Vit/attention/segment-anything/out_prompts_strict_bird/calib/197_edge_heavy_neg_pairs20.json,0.005755978170782328,0.0050994339399039745,0.0006565442308783531
/home/prithwijit/Vit/attention/segment-anything/out_prompts_strict_bird/calib/198_uniform_pairs20.json,0.005177514627575874,0.00478280009701848,0.00039471453055739403
/home/prithwijit/Vit/attention/segment-anything/out_prompts_strict_bird/calib/199_boundary_band_pairs20.json,0.008025890216231346,0.006609037052839994,0.0014168531633913517
